-0.007,-0.001,0.0166,-0.00769204,0.004,-0.00310796,0.0007,
-0.007,-0.001,0.0166,-0.00769204,0.004,-0.00310796,0.0007,
-0.00604706,-0.000985794,0.01563,-0.00766436,0.00381285,-0.00301862,0.000383757,
-0.00604706,-0.000985794,0.01563,-0.00766436,0.00381285,-0.00301862,0.000383757,
-0.00517164,-0.000971488,0.0147397,-0.00763665,0.00363743,-0.00293264,0.000171268,
-0.00429608,-0.000957189,0.0138492,-0.00760893,0.00346209,-0.00284663,-4.13241e-05,
-0.00349166,-0.000942863,0.0130311,-0.00758108,0.00329733,-0.00276414,-0.000183461,
-0.00275841,-0.000928519,0.0122855,-0.00755309,0.00314324,-0.00268518,-0.000255149,
-0.00209056,-0.000914135,0.0116064,-0.00752489,0.00299818,-0.00260983,-0.000278599,
-0.00148229,-0.00089969,0.0109878,-0.00749641,0.00286053,-0.00253822,-0.000276017,
-0.000928317,-0.000885172,0.0104242,-0.00746761,0.0027291,-0.00247034,-0.000262661,
-0.000423785,-0.00087058,0.00991057,-0.00743849,0.00260318,-0.00240608,-0.000246845,
3.5706e-05,-0.000855919,0.00944256,-0.00740906,0.00248235,-0.00234529,-0.000232109,
0.000454165,-0.000841199,0.00901604,-0.00737937,0.0023664,-0.00228777,-0.000219386,
0.000835244,-0.00082643,0.00862733,-0.00734943,0.00225516,-0.00223331,-0.000208496,
0.00118227,-0.000811623,0.00827304,-0.00731929,0.00214852,-0.00218171,-0.000198955,
0.00149827,-0.000796787,0.00795012,-0.00728898,0.00204633,-0.00213281,-0.000190331,
0.00178601,-0.000781931,0.00765576,-0.00725853,0.00194846,-0.00208641,-0.000182334,
0.00204799,-0.000767062,0.00738742,-0.00722795,0.00185477,-0.00204238,-0.0001748,
0.00228652,-0.000752188,0.00714278,-0.00719728,0.0017651,-0.00200057,-0.000167649,
0.00250367,-0.000737315,0.00691973,-0.00716653,0.00167931,-0.00196083,-0.000160848,
0.00270135,-0.000722449,0.00671633,-0.00713572,0.00159725,-0.00192306,-0.00015438,
0.00288129,-0.000707595,0.00653084,-0.00710487,0.00151878,-0.00188712,-0.000148235,
0.00304507,-0.000692759,0.00636166,-0.007074,0.00144377,-0.0018529,-0.000142399,
0.00319411,-0.000677945,0.00620733,-0.00704312,0.00137207,-0.00182032,-0.000136862,
0.00332974,-0.000663158,0.00606653,-0.00701224,0.00130356,-0.00178926,-0.000131607,
0.00345313,-0.000648401,0.00593806,-0.00698137,0.0012381,-0.00175963,-0.000126622,
0.00356539,-0.000633679,0.00582081,-0.00695054,0.00117558,-0.00173136,-0.00012189,
0.00366749,-0.000618994,0.00571379,-0.00691974,0.00111588,-0.00170436,-0.000117398,
0.00376035,-0.00060435,0.00561608,-0.00688899,0.00105888,-0.00167856,-0.000113134,
0.00384477,-0.00058975,0.00552684,-0.00685829,0.00100447,-0.00165389,-0.000109084,
0.00392151,-0.000575197,0.00544534,-0.00682767,0.000952539,-0.00163028,-0.000105237,
0.00399126,-0.000560692,0.00537087,-0.00679711,0.000902985,-0.00160766,-0.000101583,
0.00405462,-0.000546238,0.00530281,-0.00676663,0.000855707,-0.00158599,-9.81106e-05,
0.00411217,-0.000531837,0.00524059,-0.00673623,0.000810608,-0.00156521,-9.48107e-05,
0.00416442,-0.000517491,0.00518369,-0.00670593,0.000767596,-0.00154527,-9.16742e-05,
0.00421185,-0.000503202,0.00513163,-0.00667572,0.000726579,-0.00152611,-8.86926e-05,
0.00425487,-0.000488972,0.00508399,-0.00664561,0.000687472,-0.0015077,-8.58576e-05,
0.00429388,-0.000474801,0.00504036,-0.00661561,0.000650191,-0.00148999,-8.31619e-05,
0.00432923,-0.000460691,0.0050004,-0.00658571,0.000614657,-0.00147295,-8.05979e-05,
0.00436126,-0.000446644,0.00496376,-0.00655593,0.000580792,-0.00145653,-7.8159e-05,
0.00439024,-0.00043266,0.00493017,-0.00652626,0.000548523,-0.0014407,-7.58387e-05,
0.00441646,-0.00041874,0.00489935,-0.00649671,0.000517779,-0.00142543,-7.3631e-05,
0.00444015,-0.000404885,0.00487105,-0.00646728,0.000488491,-0.00141069,-7.15301e-05,
0.00446154,-0.000391097,0.00482308,-0.00640901,0.000434622,-0.00138296,-6.75002e-05,
0.00448084,-0.000377375,0.00482113,-0.00640879,0.00043403,-0.00138267,-6.76272e-05,
0.00449733,-0.000363767,0.00479999,-0.00637984,0.000409932,-0.00136979,-6.59694e-05,
0.00452708,-0.000336662,0.00476096,-0.00632212,0.000362867,-0.00134436,-6.25724e-05,
0.00452708,-0.000336662,0.00476096,-0.00632212,0.000362867,-0.00134436,-6.25724e-05,
0.00453843,-0.000323284,0.00474496,-0.00629359,0.000342066,-0.00133257,-6.10721e-05,
0.00454977,-0.000309904,0.00472896,-0.00626506,0.000321246,-0.00132078,-5.95611e-05,
0.00456,-0.000296595,0.00471406,-0.00623666,0.000301389,-0.0013093,-5.8121e-05,
0.00456914,-0.000283355,0.00470025,-0.0062084,0.000282494,-0.00129816,-5.67534e-05,
0.00457725,-0.000270185,0.00468745,-0.00618027,0.000264519,-0.00128732,-5.5454e-05,
0.00458444,-0.000257085,0.00467557,-0.00615228,0.000247421,-0.00127677,-5.42179e-05,
0.00459079,-0.000244056,0.00466452,-0.00612443,0.00023116,-0.00126649,-5.3041e-05,
0.00459636,-0.000231097,0.00465424,-0.00609671,0.000215698,-0.00125648,-5.19194e-05,
0.00460123,-0.000218209,0.00464465,-0.00606913,0.000200997,-0.00124672,-5.08501e-05,
0.00460545,-0.000205391,0.00463569,-0.00604168,0.000187022,-0.0012372,-4.98305e-05,
0.0046122,-0.000179968,0.00461946,-0.00598721,0.000161118,-0.00121881,-4.79305e-05,
0.0046122,-0.000179968,0.00461946,-0.00598721,0.000161118,-0.00121881,-4.79305e-05,
0.00461438,-0.000167434,0.00461252,-0.00596031,0.000149739,-0.00121012,-4.70949e-05,
0.00461655,-0.000154899,0.00460558,-0.00593342,0.000138345,-0.00120142,-4.62497e-05,
0.00461836,-0.000142434,0.00459901,-0.00590666,0.000127497,-0.00119291,-4.54398e-05,
0.00461979,-0.00013004,0.0045928,-0.00588004,0.000117193,-0.00118457,-4.4667e-05,
0.00462088,-0.000117716,0.00458693,-0.00585356,0.00010741,-0.0011764,-4.393e-05,
0.00462167,-0.000105462,0.00458136,-0.00582721,9.8123e-05,-0.00116838,-4.32272e-05,
0.00462048,-8.13171e-05,0.00457301,-0.00577524,8.15926e-05,-0.00115313,-4.1794e-05,
0.0046224,-8.11649e-05,0.00457103,-0.00577493,8.09447e-05,-0.00115281,-4.19162e-05,
0.00462235,-6.91905e-05,0.00456626,-0.00574913,7.34017e-05,-0.00114535,-4.13926e-05,
0.00462214,-5.72159e-05,0.00456167,-0.00572332,6.58744e-05,-0.00113791,-4.08077e-05,
0.00462173,-4.53104e-05,0.00455726,-0.00569766,5.8721e-05,-0.00113059,-4.02292e-05,
0.00462114,-3.34741e-05,0.00455303,-0.00567212,5.19387e-05,-0.00112339,-3.96757e-05,
0.00462039,-2.17067e-05,0.00454896,-0.00564673,4.55099e-05,-0.0011163,-3.91519e-05,
0.00461949,-1.0008e-05,0.00454503,-0.00562146,3.94184e-05,-0.00110933,-3.86567e-05,
0.00461845,1.62226e-06,0.00454124,-0.00559633,3.36476e-05,-0.00110247,-3.8187e-05,
0.00461729,1.31843e-05,0.00453757,-0.00557133,2.81827e-05,-0.0010957,-3.774e-05,
0.00461601,2.46783e-05,0.00453402,-0.00554646,2.30094e-05,-0.00108904,-3.73133e-05,
0.00461462,3.61047e-05,0.00453056,-0.00552173,1.8113e-05,-0.00108247,-3.69055e-05,
0.00461314,4.74636e-05,0.0045272,-0.00549713,1.34812e-05,-0.00107599,-3.65152e-05,
0.00460993,6.998e-05,0.00452072,-0.00544831,4.95967e-06,-0.00106329,-3.57838e-05,
0.00460993,6.998e-05,0.00452072,-0.00544831,4.95967e-06,-0.00106329,-3.57838e-05,
0.00460815,8.10715e-05,0.00451765,-0.00542423,1.27439e-06,-0.00105715,-3.54633e-05,
0.00460637,9.21632e-05,0.00451458,-0.00540015,-2.4223e-06,-0.001051,-3.51348e-05,
0.00460072,0.000113965,0.00451061,-0.00535276,-8.56474e-06,-0.00103926,-3.43932e-05,
0.00460263,0.000114149,0.00450862,-0.00535237,-9.22586e-06,-0.00103892,-3.45138e-05,
0.0046008,0.000124979,0.00450559,-0.00532879,-1.21834e-05,-0.00103304,-3.42951e-05,
0.0045988,0.000135808,0.00450273,-0.00530522,-1.51213e-05,-0.00102717,-3.40167e-05,
0.00459676,0.000146573,0.00449992,-0.00528177,-1.78955e-05,-0.00102136,-3.37308e-05,
0.00459468,0.000157273,0.00449716,-0.00525845,-2.05079e-05,-0.00101562,-3.34562e-05,
0.00459256,0.000167909,0.00449442,-0.00523526,-2.29665e-05,-0.00100994,-3.31981e-05,
0.00459041,0.000178481,0.00449172,-0.00521218,-2.52789e-05,-0.00100432,-3.29559e-05,
0.00458823,0.000188989,0.00448904,-0.00518923,-2.74519e-05,-0.000998762,-3.27271e-05,
0.00458602,0.000199433,0.0044864,-0.00516641,-2.94921e-05,-0.000993254,-3.25097e-05,
0.00458379,0.000209815,0.00448378,-0.0051437,-3.14062e-05,-0.000987801,-3.23018e-05,
0.00458154,0.000220133,0.00448118,-0.00512112,-3.32003e-05,-0.000982399,-3.21023e-05,
0.00457927,0.000230389,0.0044786,-0.00509866,-3.48798e-05,-0.000977047,-3.19105e-05,
0.00457698,0.000240583,0.00447604,-0.00507632,-3.64508e-05,-0.000971746,-3.1726e-05,
0.00457468,0.000250715,0.00447349,-0.0050541,-3.79185e-05,-0.000966493,-3.15485e-05,
0.00457236,0.000260785,0.00447097,-0.005032,-3.9288e-05,-0.000961287,-3.13777e-05,
0.00457002,0.000270794,0.00446845,-0.00501002,-4.05638e-05,-0.000956125,-3.12133e-05,
0.00456768,0.000280742,0.00446596,-0.00498815,-4.1751e-05,-0.000951008,-3.1055e-05,
0.00456532,0.000290629,0.00446347,-0.00496641,-4.28534e-05,-0.000945934,-3.09025e-05,
0.00456295,0.000300456,0.004461,-0.00494478,-4.38759e-05,-0.000940902,-3.07556e-05,
0.00456057,0.000310223,0.00445854,-0.00492326,-4.48216e-05,-0.000935912,-3.06141e-05,
0.00455819,0.00031993,0.00445609,-0.00490187,-4.56953e-05,-0.000930962,-3.04777e-05,
0.00455339,0.000339166,0.00445121,-0.00485942,-4.72388e-05,-0.000921178,-3.0219e-05,
0.00455339,0.000339166,0.00445121,-0.00485942,-4.72388e-05,-0.000921178,-3.0219e-05,
0.00455098,0.000348637,0.00444879,-0.00483848,-4.78479e-05,-0.000916381,-3.0107e-05,
0.00454857,0.000358108,0.00444637,-0.00481754,-4.84657e-05,-0.000911582,-2.99887e-05,
0.00454615,0.000367521,0.00444396,-0.00479671,-4.90304e-05,-0.000906819,-2.98723e-05,
0.00454373,0.000376876,0.00444156,-0.00477599,-4.95417e-05,-0.000902091,-2.97598e-05,
0.0045413,0.000386173,0.00443916,-0.00475539,-5.00024e-05,-0.000897398,-2.96515e-05,
0.00453887,0.000395413,0.00443677,-0.00473489,-5.0415e-05,-0.000892739,-2.95472e-05,
0.00453644,0.000404596,0.00443438,-0.00471451,-5.07817e-05,-0.000888114,-2.94468e-05,
0.004534,0.000413722,0.004432,-0.00469423,-5.11048e-05,-0.00088352,-2.93497e-05,
0.00453156,0.000422791,0.00442963,-0.00467406,-5.13867e-05,-0.00087896,-2.92558e-05,
0.00452912,0.000431805,0.00442726,-0.00465401,-5.16297e-05,-0.000874432,-2.91647e-05,
0.00452668,0.000440762,0.00442489,-0.00463406,-5.18353e-05,-0.000869933,-2.90765e-05,
0.00452423,0.000449664,0.00442253,-0.00461422,-5.20058e-05,-0.000865466,-2.8991e-05,
0.00452179,0.000458511,0.00442017,-0.00459448,-5.21429e-05,-0.000861029,-2.8908e-05,
0.00451934,0.000467303,0.00441782,-0.00457485,-5.22482e-05,-0.000856622,-2.88274e-05,
0.00451689,0.00047604,0.00441547,-0.00455533,-5.23234e-05,-0.000852243,-2.8749e-05,
0.00451444,0.000484722,0.00441312,-0.00453591,-5.23703e-05,-0.000847893,-2.8673e-05,
0.00451199,0.000493351,0.00441078,-0.0045166,-5.239e-05,-0.000843572,-2.8599e-05,
0.00450954,0.000501926,0.00440844,-0.00449739,-5.23845e-05,-0.000839279,-2.85271e-05,
0.00450709,0.000510447,0.0044061,-0.00447828,-5.23545e-05,-0.000835013,-2.84571e-05,
0.00450464,0.000518914,0.00440377,-0.00445927,-5.23015e-05,-0.000830775,-2.83889e-05,
0.00450219,0.000527329,0.00440143,-0.00444037,-5.22268e-05,-0.000826564,-2.83226e-05,
0.00449973,0.000535691,0.0043991,-0.00442157,-5.2132e-05,-0.000822379,-2.8258e-05,
0.00449728,0.000544001,0.00439678,-0.00440287,-5.20174e-05,-0.00081822,-2.81949e-05,
0.00449483,0.000552259,0.00439446,-0.00438427,-5.18842e-05,-0.000814087,-2.81334e-05,
0.00448993,0.000568619,0.00438982,-0.00434737,-5.15672e-05,-0.000805898,-2.80149e-05,
0.00448993,0.000568619,0.00438982,-0.00434737,-5.15672e-05,-0.000805898,-2.80149e-05,
0.00448748,0.000576671,0.00438749,-0.00432917,-5.13633e-05,-0.000801866,-2.79644e-05,
0.00448503,0.000584723,0.00438518,-0.00431097,-5.11661e-05,-0.000797833,-2.79085e-05,
0.00448259,0.000592724,0.00438287,-0.00429287,-5.09566e-05,-0.000793825,-2.78522e-05,
0.00447769,0.000608576,0.00437825,-0.00425695,-5.04987e-05,-0.000785882,-2.77437e-05,
0.00447769,0.000608576,0.00437825,-0.00425695,-5.04987e-05,-0.000785882,-2.77437e-05,
0.00447524,0.000616377,0.00437594,-0.00423923,-5.02342e-05,-0.000781969,-2.76985e-05,
0.0044728,0.000624178,0.00437364,-0.00422151,-4.99765e-05,-0.000778056,-2.76481e-05,
0.00447035,0.00063193,0.00437134,-0.00420389,-4.97095e-05,-0.000774167,-2.75972e-05,
0.0044679,0.000639633,0.00436904,-0.00418636,-4.94328e-05,-0.0007703,-2.75473e-05,
0.00446546,0.000647287,0.00436674,-0.00416892,-4.9147e-05,-0.000766455,-2.74988e-05,
0.00446301,0.000654892,0.00436445,-0.00415158,-4.88524e-05,-0.000762634,-2.74519e-05,
0.00446057,0.000662449,0.00436215,-0.00413433,-4.85498e-05,-0.000758835,-2.74061e-05,
0.00445813,0.000669958,0.00435986,-0.00411718,-4.82397e-05,-0.000755058,-2.73613e-05,
0.00445569,0.000677419,0.00435757,-0.00410011,-4.79225e-05,-0.000751304,-2.73174e-05,
0.00445325,0.000684833,0.00435528,-0.00408314,-4.75985e-05,-0.00074757,-2.72743e-05,
0.00445081,0.000692199,0.004353,-0.00406626,-4.72684e-05,-0.000743859,-2.72319e-05,
0.00444837,0.000699518,0.00435071,-0.00404947,-4.69323e-05,-0.000740169,-2.71903e-05,
0.00444593,0.00070679,0.00434843,-0.00403277,-4.6591e-05,-0.0007365,-2.71492e-05,
0.0044435,0.000714016,0.00434615,-0.00401616,-4.62445e-05,-0.000732852,-2.71089e-05,
0.00444106,0.000721195,0.00434387,-0.00399964,-4.58933e-05,-0.000729225,-2.70692e-05,
0.00443863,0.000728329,0.00434159,-0.00398321,-4.55378e-05,-0.000725619,-2.70301e-05,
0.00443619,0.000735417,0.00433931,-0.00396687,-4.51782e-05,-0.000722034,-2.69916e-05,
0.00442947,0.000749168,0.00433676,-0.00393444,-4.44482e-05,-0.000714924,-2.69163e-05,
0.00443133,0.000749455,0.00433476,-0.00393444,-4.44482e-05,-0.000714924,-2.69163e-05,
0.00442906,0.000756364,0.00433233,-0.00391844,-4.40669e-05,-0.00071142,-2.68878e-05,
0.00442663,0.00076327,0.00433006,-0.00390245,-4.3694e-05,-0.000707916,-2.68514e-05,
0.00442419,0.000770133,0.0043278,-0.00388654,-4.33191e-05,-0.000704431,-2.68129e-05,
0.00442175,0.000776951,0.00432555,-0.00387071,-4.29417e-05,-0.000700966,-2.67748e-05,
0.00441932,0.000783726,0.00432329,-0.00385497,-4.25622e-05,-0.00069752,-2.6738e-05,
0.00441688,0.000790456,0.00432104,-0.00383932,-4.21808e-05,-0.000694093,-2.67025e-05,
0.00441445,0.000797143,0.00431878,-0.00382375,-4.17973e-05,-0.000690686,-2.66681e-05,
0.00441202,0.000803786,0.00431653,-0.00380826,-4.14125e-05,-0.000687299,-2.66343e-05,
0.00440959,0.000810386,0.00431428,-0.00379285,-4.10259e-05,-0.00068393,-2.6601e-05,
0.00440716,0.000816944,0.00431203,-0.00377753,-4.06383e-05,-0.00068058,-2.65682e-05,
0.00440473,0.000823459,0.00430978,-0.00376229,-4.02493e-05,-0.000677249,-2.65357e-05,
0.00440231,0.000829931,0.00430753,-0.00374713,-3.98594e-05,-0.000673936,-2.65036e-05,
0.00439747,0.000842749,0.00430303,-0.00371706,-3.90773e-05,-0.000667367,-2.64404e-05,
0.00439747,0.000842749,0.00430303,-0.00371706,-3.90773e-05,-0.000667367,-2.64404e-05,
0.00439264,0.00085536,0.00429853,-0.00368739,-3.82869e-05,-0.000660889,-2.6383e-05,
0.00439264,0.00085536,0.00429853,-0.00368739,-3.82869e-05,-0.000660889,-2.6383e-05,
0.00439023,0.000861583,0.00429628,-0.00367271,-3.78891e-05,-0.000657686,-2.63556e-05,
0.00438781,0.000867806,0.00429403,-0.00365803,-3.74964e-05,-0.000654483,-2.63242e-05,
0.0043854,0.000873988,0.00429179,-0.00364343,-3.71041e-05,-0.000651297,-2.62922e-05,
0.00438298,0.00088013,0.0042893,-0.00361514,-3.56645e-05,-0.00064538,-2.61128e-05,
0.00438057,0.000886231,0.00428731,-0.00361447,-3.63199e-05,-0.00064498,-2.62302e-05,
0.00437815,0.000892264,0.00428507,-0.00360016,-3.59561e-05,-0.000641866,-2.62586e-05,
0.00437574,0.000898285,0.00428284,-0.00358587,-3.55643e-05,-0.000638749,-2.62295e-05,
0.00437334,0.000904266,0.0042806,-0.00357166,-3.51708e-05,-0.000635651,-2.61824e-05,
0.00437093,0.000910208,0.00427836,-0.00355753,-3.47778e-05,-0.000632569,-2.61354e-05,
0.00436853,0.000916111,0.00427612,-0.00354347,-3.43857e-05,-0.000629504,-2.60946e-05,
0.00436612,0.000921974,0.00427389,-0.00352948,-3.39945e-05,-0.000626456,-2.60598e-05,
0.00436372,0.000927799,0.00427165,-0.00351557,-3.36043e-05,-0.000623426,-2.60292e-05,
0.00436132,0.000933585,0.00426942,-0.00350173,-3.32153e-05,-0.000620413,-2.60011e-05,
0.00435892,0.000939332,0.00426718,-0.00348797,-3.28266e-05,-0.000617416,-2.5974e-05,
0.00435652,0.000945041,0.00426495,-0.00347428,-3.24392e-05,-0.000614436,-2.59474e-05,
0.00435413,0.000950713,0.00426272,-0.00346067,-3.20528e-05,-0.000611471,-2.59209e-05,
0.00435173,0.000956346,0.00426049,-0.00344713,-3.1667e-05,-0.000608524,-2.58946e-05,
0.00434934,0.000961942,0.00425826,-0.00343366,-3.12824e-05,-0.000605593,-2.58683e-05,
0.00434694,0.0009675,0.00425604,-0.00342026,-3.08988e-05,-0.000602677,-2.58422e-05,
0.00434455,0.000973021,0.00425381,-0.00340694,-3.05164e-05,-0.000599778,-2.58162e-05,
0.00434216,0.000978506,0.00425158,-0.00339368,-3.01353e-05,-0.000596896,-2.57903e-05,
0.00433977,0.000983953,0.00424936,-0.0033805,-2.97551e-05,-0.000594028,-2.57647e-05,
0.00433738,0.000989364,0.00424714,-0.00336739,-2.93761e-05,-0.000591177,-2.57392e-05,
0.00433499,0.000994738,0.00424491,-0.00335435,-2.89986e-05,-0.000588342,-2.5714e-05,
0.0043326,0.00100008,0.00424269,-0.00334137,-2.8622e-05,-0.000585521,-2.56888e-05,
0.00433021,0.00100538,0.00424047,-0.00332847,-2.8247e-05,-0.000582717,-2.56639e-05,
0.00432783,0.00101064,0.00423825,-0.00331564,-2.78732e-05,-0.000579927,-2.56391e-05,
0.00432544,0.00101588,0.00423604,-0.00330287,-2.75009e-05,-0.000577155,-2.56144e-05,
0.00432306,0.00102107,0.00423382,-0.00329017,-2.71298e-05,-0.000574397,-2.55899e-05,
0.00432068,0.00102623,0.0042316,-0.00327754,-2.67599e-05,-0.000571653,-2.55656e-05,
0.00431829,0.00103136,0.00422939,-0.00326498,-2.63919e-05,-0.000568925,-2.55414e-05,
0.00431591,0.00103645,0.00422717,-0.00325249,-2.6025e-05,-0.000566213,-2.55174e-05,
0.00431353,0.0010415,0.00422496,-0.00324006,-2.56597e-05,-0.000563514,-2.54935e-05,
0.00431115,0.00104652,0.00422275,-0.0032277,-2.52959e-05,-0.000560831,-2.54698e-05,
0.00430878,0.00105151,0.00422053,-0.0032154,-2.49335e-05,-0.000558163,-2.54461e-05,
0.0043064,0.00105646,0.00421833,-0.00320318,-2.45724e-05,-0.000555508,-2.54227e-05,
0.00430402,0.00106138,0.00421612,-0.00319101,-2.42132e-05,-0.00055287,-2.53993e-05,
0.00430165,0.00106627,0.00421391,-0.00317891,-2.38554e-05,-0.000550245,-2.53761e-05,
0.00429927,0.00107112,0.0042117,-0.00316688,-2.34991e-05,-0.000547635,-2.5353e-05,
0.0042969,0.00107594,0.00420949,-0.00315491,-2.31443e-05,-0.000545038,-2.53301e-05,
0.00429453,0.00108072,0.00420729,-0.003143,-2.2791e-05,-0.000542457,-2.53073e-05,
0.00429216,0.00108547,0.00420508,-0.00313116,-2.24393e-05,-0.000539889,-2.52845e-05,
0.00428978,0.00109019,0.00420288,-0.00311938,-2.2089e-05,-0.000537337,-2.52619e-05,
0.00428741,0.00109488,0.00420068,-0.00310766,-2.17406e-05,-0.000534797,-2.52395e-05,
0.00428504,0.00109953,0.00419847,-0.00309601,-2.13936e-05,-0.000532272,-2.52172e-05,
0.00428268,0.00110416,0.00419627,-0.00308442,-2.10485e-05,-0.000529761,-2.5195e-05,
0.00428031,0.00110875,0.00419407,-0.00307289,-2.07045e-05,-0.000527262,-2.51729e-05,
0.00427794,0.0011133,0.00419188,-0.00306142,-2.03624e-05,-0.000524778,-2.51508e-05,
0.00427558,0.00111783,0.00418968,-0.00305001,-2.00221e-05,-0.000522308,-2.51289e-05,
0.00427321,0.00112233,0.00418748,-0.00303866,-1.96829e-05,-0.000519852,-2.51072e-05,
0.00427085,0.00112679,0.00418528,-0.00302738,-1.93456e-05,-0.000517409,-2.50855e-05,
0.00426849,0.00113122,0.00418309,-0.00301615,-1.90098e-05,-0.000514979,-2.50639e-05,
0.00426613,0.00113562,0.00418089,-0.00300499,-1.86758e-05,-0.000512563,-2.50425e-05,
0.00426376,0.00113999,0.0041787,-0.00299388,-1.83433e-05,-0.00051016,-2.50212e-05,
0.0042614,0.00114433,0.00417651,-0.00298284,-1.80123e-05,-0.000507769,-2.49999e-05,
0.00425904,0.00114864,0.00417431,-0.00297185,-1.76831e-05,-0.000505393,-2.49787e-05,
0.00425668,0.00115292,0.00417212,-0.00296092,-1.73554e-05,-0.00050303,-2.49577e-05,
0.00425433,0.00115717,0.00416993,-0.00295005,-1.70293e-05,-0.000500678,-2.49368e-05,
0.00425197,0.00116139,0.00416774,-0.00293923,-1.67049e-05,-0.00049834,-2.49159e-05,
0.00424961,0.00116558,0.00416555,-0.00292848,-1.6382e-05,-0.000496016,-2.48952e-05,
0.00424726,0.00116973,0.00416336,-0.00291778,-1.60607e-05,-0.000493704,-2.48745e-05,
0.0042449,0.00117386,0.00416118,-0.00290714,-1.57411e-05,-0.000491404,-2.4854e-05,
0.00424255,0.00117796,0.00415899,-0.00289655,-1.54231e-05,-0.000489118,-2.48335e-05,
0.0042402,0.00118204,0.0041568,-0.00288602,-1.51066e-05,-0.000486843,-2.48132e-05,
0.00423784,0.00118608,0.00415462,-0.00287555,-1.47919e-05,-0.000484581,-2.47929e-05,
0.00423549,0.00119009,0.00415243,-0.00286514,-1.44787e-05,-0.000482333,-2.47727e-05,
0.00423314,0.00119407,0.00415025,-0.00285477,-1.4167e-05,-0.000480096,-2.47526e-05,
0.00423079,0.00119803,0.00414807,-0.00284447,-1.38571e-05,-0.00047787,-2.47325e-05,
0.00422844,0.00120196,0.00414589,-0.00283422,-1.35484e-05,-0.000475658,-2.47127e-05,
0.00422609,0.00120586,0.00414371,-0.00282402,-1.32416e-05,-0.000473458,-2.46928e-05,
0.00422375,0.00120973,0.00414153,-0.00281388,-1.29365e-05,-0.000471269,-2.4673e-05,
0.0042214,0.00121357,0.00413935,-0.00280379,-1.26327e-05,-0.000469093,-2.46534e-05,
0.00421905,0.00121738,0.00413717,-0.00279376,-1.23307e-05,-0.000466928,-2.46338e-05,
0.00421671,0.00122117,0.00413499,-0.00278378,-1.20299e-05,-0.000464777,-2.46143e-05,
0.00421436,0.00122493,0.00413281,-0.00277385,-1.17309e-05,-0.000462636,-2.45949e-05,
0.00421202,0.00122866,0.00413064,-0.00276397,-1.14335e-05,-0.000460507,-2.45756e-05,
0.00420968,0.00123237,0.00412846,-0.00275415,-1.11378e-05,-0.00045839,-2.45563e-05,
0.00420733,0.00123605,0.00412628,-0.00274438,-1.08434e-05,-0.000456284,-2.45371e-05,
0.00420499,0.0012397,0.00412411,-0.00273466,-1.05507e-05,-0.00045419,-2.45179e-05,
0.00420265,0.00124332,0.00412194,-0.00272499,-1.02594e-05,-0.000452108,-2.44989e-05,
0.00420031,0.00124692,0.00411976,-0.00271538,-9.96978e-06,-0.000450037,-2.448e-05,
0.00419797,0.00125049,0.00411759,-0.00270581,-9.68144e-06,-0.000447977,-2.44611e-05,
0.00419563,0.00125404,0.00411542,-0.0026963,-9.39491e-06,-0.000445929,-2.44423e-05,
0.00419329,0.00125756,0.00411325,-0.00268683,-9.10988e-06,-0.000443892,-2.44236e-05,
0.00419096,0.00126105,0.00411108,-0.00267742,-8.82611e-06,-0.000441867,-2.4405e-05,
0.00418862,0.00126452,0.00410891,-0.00266806,-8.54414e-06,-0.000439853,-2.43864e-05,
0.00418628,0.00126796,0.00410674,-0.00265874,-8.26341e-06,-0.000437849,-2.43679e-05,
0.00418395,0.00127138,0.00410457,-0.00264948,-7.98449e-06,-0.000435856,-2.43494e-05,
0.00418161,0.00127477,0.0041024,-0.00264027,-7.70681e-06,-0.000433875,-2.43311e-05,
0.00417928,0.00127813,0.00410024,-0.0026311,-7.43091e-06,-0.000431903,-2.43127e-05,
0.00417695,0.00128147,0.00409807,-0.00262198,-7.15629e-06,-0.000429944,-2.42945e-05,
0.00417461,0.00128479,0.0040959,-0.00261291,-6.88317e-06,-0.000427995,-2.42763e-05,
0.00416995,0.00129134,0.00409157,-0.00259492,-6.34125e-06,-0.000424129,-2.42402e-05,
0.00416995,0.00129134,0.00409157,-0.00259492,-6.34125e-06,-0.000424129,-2.42402e-05,
0.00416763,0.00129456,0.0040894,-0.00258604,-6.07131e-06,-0.000422223,-2.42246e-05,
0.0041653,0.00129778,0.00408724,-0.00257716,-5.80402e-06,-0.000420317,-2.42068e-05,
0.00416297,0.00130097,0.00408508,-0.00256833,-5.53824e-06,-0.000418421,-2.41883e-05,
0.00416064,0.00130414,0.00408292,-0.00255954,-5.27401e-06,-0.000416535,-2.41698e-05,
0.00415831,0.00131003,0.0040806,-0.00254295,-4.10995e-06,-0.000413228,-2.40185e-05,
0.00415598,0.0013104,0.0040786,-0.00254211,-4.74982e-06,-0.000412794,-2.41337e-05,
0.00415365,0.00131348,0.00407644,-0.00253351,-4.51923e-06,-0.000410937,-2.41687e-05,
0.00415132,0.00131655,0.00407428,-0.00252491,-4.26053e-06,-0.000409092,-2.41512e-05,
0.004149,0.0013196,0.00407212,-0.00251635,-4.00113e-06,-0.000407258,-2.41169e-05,
0.00414435,0.00132563,0.00406781,-0.00249938,-3.48719e-06,-0.000403619,-2.40538e-05,
0.00414435,0.00132563,0.00406781,-0.00249938,-3.48719e-06,-0.000403619,-2.40538e-05,
0.00414203,0.00132858,0.00406564,-0.002491,-3.2321e-06,-0.000401827,-2.40359e-05,
0.00413971,0.00133154,0.00406349,-0.00248262,-2.97936e-06,-0.000400033,-2.40162e-05,
0.00413739,0.00133447,0.00406133,-0.00247429,-2.72816e-06,-0.000398249,-2.39966e-05,
0.00413506,0.00133738,0.00405918,-0.00246601,-2.47877e-06,-0.000396474,-2.39779e-05,
0.00413274,0.00134027,0.00405702,-0.00245776,-2.23063e-06,-0.000394709,-2.396e-05,
0.00413042,0.00134314,0.00405487,-0.00244956,-1.98372e-06,-0.000392955,-2.39427e-05,
0.0041281,0.00134598,0.00405271,-0.0024414,-1.73835e-06,-0.000391209,-2.39257e-05,
0.00412578,0.0013488,0.00405056,-0.00243329,-1.49452e-06,-0.000389473,-2.39089e-05,
0.00412347,0.0013516,0.00404841,-0.00242522,-1.25194e-06,-0.000387747,-2.38922e-05,
0.00412115,0.00135437,0.00404626,-0.00241719,-1.01088e-06,-0.000386031,-2.38754e-05,
0.00411883,0.00135713,0.0040441,-0.00240921,-7.71064e-07,-0.000384323,-2.38588e-05,
0.00411651,0.00135986,0.00404195,-0.00240126,-5.32515e-07,-0.000382626,-2.38422e-05,
0.0041142,0.00136257,0.0040398,-0.00239336,-2.95494e-07,-0.000380937,-2.38257e-05,
0.00411188,0.00136526,0.00403765,-0.0023855,-5.97201e-08,-0.000379258,-2.38091e-05,
0.00410956,0.00136793,0.0040355,-0.00237768,1.74806e-07,-0.000377588,-2.37927e-05,
0.00410725,0.00137058,0.00403336,-0.0023699,4.07804e-07,-0.000375928,-2.37762e-05,
0.00410494,0.0013732,0.00403121,-0.00236217,6.39535e-07,-0.000374275,-2.37599e-05,
0.00410262,0.00137581,0.00402906,-0.00235447,8.70019e-07,-0.000372633,-2.37436e-05,
0.00410031,0.00137839,0.00402691,-0.00234681,1.09925e-06,-0.000371,-2.37273e-05,
0.004098,0.00138095,0.00402477,-0.0023392,1.32722e-06,-0.000369375,-2.37111e-05,
0.00409569,0.00138349,0.00402262,-0.00233162,1.55368e-06,-0.00036776,-2.36949e-05,
0.00409338,0.00138601,0.00402047,-0.00232409,1.77888e-06,-0.000366152,-2.36788e-05,
0.00409107,0.00138852,0.00401833,-0.00231659,2.00282e-06,-0.000364554,-2.36627e-05,
0.00408876,0.001391,0.00401618,-0.00230914,2.22578e-06,-0.000362965,-2.36467e-05,
0.00408645,0.00139346,0.00401404,-0.00230172,2.44721e-06,-0.000361384,-2.36307e-05,
0.00408414,0.0013959,0.00401189,-0.00229434,2.6674e-06,-0.000359812,-2.36148e-05,
0.00408183,0.00139832,0.00400975,-0.00228701,2.88631e-06,-0.000358249,-2.35989e-05,
0.00407952,0.00140072,0.00400761,-0.0022797,3.10398e-06,-0.000356695,-2.35831e-05,
0.00407722,0.0014031,0.00400547,-0.00227244,3.3204e-06,-0.00035515,-2.35673e-05,
0.00407491,0.00140546,0.00400332,-0.00226522,3.53556e-06,-0.000353612,-2.35515e-05,
0.00407261,0.0014078,0.00400118,-0.00225803,3.74946e-06,-0.000352083,-2.35358e-05,
0.0040703,0.00141012,0.00399904,-0.00225088,3.9621e-06,-0.000350563,-2.35202e-05,
0.004068,0.00141242,0.0039969,-0.00224377,4.17377e-06,-0.000349051,-2.35045e-05,
0.00406569,0.0014147,0.00399476,-0.0022367,4.3839e-06,-0.000347546,-2.3489e-05,
0.00406339,0.00141697,0.00399262,-0.00222966,4.59306e-06,-0.000346051,-2.34735e-05,
0.00406109,0.00141921,0.00399048,-0.00222267,4.80096e-06,-0.000344564,-2.34579e-05,
0.00405878,0.00142144,0.00398834,-0.0022157,5.00761e-06,-0.000343085,-2.34425e-05,
0.00405648,0.00142364,0.00398621,-0.00220878,5.213e-06,-0.000341613,-2.34271e-05,
0.00405418,0.00142583,0.00398407,-0.00220189,5.41741e-06,-0.000340151,-2.34117e-05,
0.00405188,0.001428,0.00398193,-0.00219503,5.62055e-06,-0.000338696,-2.33964e-05,
0.00404958,0.00143015,0.00397979,-0.00218822,5.82244e-06,-0.000337249,-2.33812e-05,
0.00404728,0.00143228,0.00397766,-0.00218143,6.02308e-06,-0.000335811,-2.33659e-05,
0.00404498,0.00143439,0.00397552,-0.00217469,6.22274e-06,-0.000334379,-2.33507e-05,
0.00404268,0.00143649,0.00397339,-0.00216798,6.42113e-06,-0.000332957,-2.33355e-05,
0.00404039,0.00143857,0.00397125,-0.0021613,6.61855e-06,-0.000331541,-2.33204e-05,
0.00403809,0.00144063,0.00396912,-0.00215466,6.81471e-06,-0.000330134,-2.33053e-05,
0.00403579,0.00144267,0.00396698,-0.00214805,7.00961e-06,-0.000328734,-2.32903e-05,
0.0040335,0.00144469,0.00396485,-0.00214148,7.20353e-06,-0.000327343,-2.32752e-05,
0.0040312,0.0014467,0.00396271,-0.00213494,7.39621e-06,-0.000325958,-2.32603e-05,
0.0040289,0.00144868,0.00396058,-0.00212844,7.58787e-06,-0.000324581,-2.32454e-05,
0.00402661,0.00145065,0.00395845,-0.00212197,7.77829e-06,-0.000323213,-2.32305e-05,
0.00402432,0.00145261,0.00395632,-0.00211554,7.96774e-06,-0.000321851,-2.32156e-05,
0.00401799,0.00145607,0.00395406,-0.00210366,8.97456e-06,-0.000319595,-2.30721e-05,
0.00401973,0.00145646,0.00395205,-0.00210277,8.34312e-06,-0.000319151,-2.3186e-05,
0.00401759,0.00145835,0.00394977,-0.00209646,8.49748e-06,-0.000317806,-2.32214e-05,
0.0040153,0.00146023,0.00394764,-0.00209016,8.68244e-06,-0.000316473,-2.32067e-05,
0.004013,0.0014621,0.00394552,-0.00208389,8.86835e-06,-0.00031515,-2.31757e-05,
0.00400839,0.00146578,0.00394128,-0.00207145,9.23698e-06,-0.000312524,-2.3119e-05,
0.00400839,0.00146578,0.00394128,-0.00207145,9.23698e-06,-0.000312524,-2.3119e-05,
0.0040061,0.00146759,0.00393916,-0.0020653,9.41913e-06,-0.00031123,-2.31032e-05,
0.0040038,0.00146939,0.00393704,-0.00205916,9.60001e-06,-0.000309935,-2.30863e-05,
0.0040015,0.00147117,0.00393492,-0.00205306,9.77963e-06,-0.000308647,-2.30697e-05,
0.0039992,0.00147294,0.0039328,-0.00204698,9.95798e-06,-0.000307366,-2.30538e-05,
0.00399691,0.00147469,0.00393068,-0.00204094,1.01351e-05,-0.000306092,-2.30387e-05,
0.00399461,0.00147642,0.00392856,-0.00203492,1.03112e-05,-0.000304826,-2.30241e-05,
0.00399003,0.00147984,0.00392432,-0.00202299,1.06605e-05,-0.000302313,-2.29956e-05,
0.00399003,0.00147984,0.00392432,-0.00202299,1.06605e-05,-0.000302313,-2.29956e-05,
0.00398774,0.00148152,0.0039222,-0.0020171,1.08333e-05,-0.000301074,-2.29826e-05,
0.00398545,0.00148319,0.00392008,-0.00201121,1.10052e-05,-0.000299835,-2.29686e-05,
0.00398316,0.00148484,0.00391796,-0.00200535,1.11761e-05,-0.000298603,-2.2954e-05,
0.00398087,0.00148648,0.00391584,-0.00199953,1.13458e-05,-0.000297377,-2.29394e-05,
0.00397858,0.00148811,0.00391372,-0.00199373,1.15144e-05,-0.000296158,-2.2925e-05,
0.0039763,0.00148971,0.0039116,-0.00198796,1.16821e-05,-0.000294946,-2.29107e-05,
0.00397401,0.00149131,0.00390948,-0.00198222,1.18488e-05,-0.000293741,-2.28966e-05,
0.00397172,0.00149288,0.00390736,-0.00197652,1.20142e-05,-0.000292541,-2.28825e-05,
0.00396944,0.00149445,0.00390524,-0.00197084,1.2179e-05,-0.000291349,-2.28684e-05,
0.00396716,0.00149599,0.00390312,-0.00196519,1.23424e-05,-0.000290164,-2.28545e-05,
0.00396487,0.00149752,0.003901,-0.00195957,1.25052e-05,-0.000288985,-2.28405e-05,
0.00396259,0.00149904,0.00389888,-0.00195398,1.26667e-05,-0.000287812,-2.28265e-05,
0.00396031,0.00150054,0.00389676,-0.00194842,1.28272e-05,-0.000286645,-2.28126e-05,
0.00395574,0.0015035,0.00389252,-0.00193738,1.31452e-05,-0.000284332,-2.27849e-05,
0.00395574,0.0015035,0.00389252,-0.00193738,1.31452e-05,-0.000284332,-2.27849e-05,
0.00395347,0.00150495,0.0038904,-0.00193193,1.3303e-05,-0.000283192,-2.27721e-05,
0.00395119,0.00150639,0.00388828,-0.00192649,1.34599e-05,-0.000282052,-2.27584e-05,
0.00394891,0.00150782,0.00388616,-0.00192107,1.36154e-05,-0.000280918,-2.27443e-05,
0.00394663,0.00150923,0.00388404,-0.00191568,1.377e-05,-0.000279789,-2.27301e-05,
0.00394435,0.00151063,0.00388193,-0.00191031,1.39239e-05,-0.000278668,-2.27161e-05,
0.00394208,0.00151202,0.00387981,-0.00190498,1.40765e-05,-0.000277551,-2.27022e-05,
0.00393752,0.00151474,0.00387558,-0.00189439,1.43793e-05,-0.000275339,-2.26748e-05,
0.00393752,0.00151474,0.00387558,-0.00189439,1.43793e-05,-0.000275339,-2.26748e-05,
0.00393525,0.00151607,0.00387345,-0.00188916,1.45292e-05,-0.000274247,-2.26621e-05,
0.00393298,0.0015174,0.00387134,-0.00188393,1.46784e-05,-0.000273156,-2.26487e-05,
0.0039307,0.00151872,0.00386922,-0.00187874,1.48264e-05,-0.000272071,-2.26348e-05,
0.00392843,0.00152002,0.00386711,-0.00187356,1.49736e-05,-0.000270991,-2.26208e-05,
0.00392615,0.00152131,0.00386499,-0.00186842,1.51198e-05,-0.000269918,-2.2607e-05,
0.00392388,0.00152258,0.00386288,-0.0018633,1.52651e-05,-0.00026885,-2.25934e-05,
0.00392161,0.00152384,0.00386076,-0.00185821,1.54093e-05,-0.000267789,-2.25798e-05,
0.00391934,0.00152509,0.00385865,-0.00185314,1.55529e-05,-0.000266732,-2.25663e-05,
0.00391706,0.00152632,0.00385653,-0.0018481,1.56955e-05,-0.000265683,-2.25528e-05,
0.00391479,0.00152754,0.00385442,-0.00184308,1.5837e-05,-0.000264638,-2.25394e-05,
0.00391025,0.00152994,0.00385019,-0.00183313,1.61178e-05,-0.000262568,-2.25126e-05,
0.00391025,0.00152994,0.00385019,-0.00183313,1.61178e-05,-0.000262568,-2.25126e-05,
0.00390799,0.00153111,0.00384807,-0.00182822,1.62567e-05,-0.000261547,-2.25001e-05,
0.00390572,0.00153228,0.00384596,-0.00182331,1.63951e-05,-0.000260525,-2.24869e-05,
0.00390345,0.00153343,0.00384385,-0.00181842,1.65323e-05,-0.000259509,-2.24733e-05,
0.00390118,0.00153457,0.00384174,-0.00181356,1.66688e-05,-0.0002585,-2.24596e-05,
0.00389891,0.0015357,0.00383963,-0.00180872,1.68043e-05,-0.000257495,-2.24461e-05,
0.00389438,0.00153792,0.0038354,-0.00179912,1.70728e-05,-0.000255502,-2.24195e-05,
0.00389438,0.00153792,0.0038354,-0.00179912,1.70728e-05,-0.000255502,-2.24195e-05,
0.00389212,0.001539,0.00383329,-0.00179438,1.72056e-05,-0.000254519,-2.2407e-05,
0.00388985,0.00154008,0.00383118,-0.00178964,1.7338e-05,-0.000253538,-2.2394e-05,
0.00388759,0.00154114,0.00382907,-0.00178493,1.7469e-05,-0.00025256,-2.23806e-05,
0.00388532,0.00154283,0.00382685,-0.00177651,1.83527e-05,-0.000251074,-2.2241e-05,
0.00388305,0.00154323,0.00382485,-0.00177557,1.77291e-05,-0.000250622,-2.23537e-05,
0.00388079,0.00154425,0.00382275,-0.00177095,1.78278e-05,-0.000249653,-2.23908e-05,
0.00387852,0.00154527,0.00382064,-0.00176633,1.79558e-05,-0.000248697,-2.23778e-05,
0.00387626,0.00154627,0.00381853,-0.00176173,1.80853e-05,-0.000247746,-2.23485e-05,
0.003874,0.00154727,0.00381642,-0.00175716,1.82137e-05,-0.000246802,-2.23192e-05,
0.00387173,0.00154825,0.00381431,-0.00175261,1.83412e-05,-0.000245862,-2.22951e-05,
0.00386947,0.00154921,0.0038122,-0.00174809,1.84674e-05,-0.000244928,-2.2276e-05,
0.00386721,0.00155017,0.00381009,-0.00174359,1.85924e-05,-0.000243999,-2.22605e-05,
0.00386495,0.00155111,0.00380799,-0.00173911,1.87166e-05,-0.000243076,-2.22468e-05,
0.00386269,0.00155205,0.00380588,-0.00173465,1.88398e-05,-0.000242156,-2.2234e-05,
0.00385648,0.00155347,0.00380167,-0.00172581,1.90836e-05,-0.000240334,-2.22088e-05,
0.00385817,0.00155388,0.00380167,-0.00172581,1.90836e-05,-0.000240334,-2.22088e-05,
0.00385599,0.00155476,0.00379949,-0.00172144,1.92027e-05,-0.000239436,-2.21963e-05,
0.00385373,0.00155565,0.00379738,-0.00171707,1.93226e-05,-0.000238537,-2.21836e-05,
0.00385147,0.00155652,0.00379528,-0.00171273,1.94417e-05,-0.000237644,-2.21707e-05,
0.00384694,0.00155824,0.00379108,-0.0017041,1.96774e-05,-0.00023587,-2.21447e-05,
0.00384694,0.00155824,0.00379108,-0.0017041,1.96774e-05,-0.00023587,-2.21447e-05,
0.00384469,0.00155907,0.00378898,-0.00169985,1.97938e-05,-0.000234997,-2.21326e-05,
0.00384242,0.0015599,0.00378688,-0.00169559,1.99098e-05,-0.000234122,-2.21199e-05,
0.00384017,0.00156072,0.00378478,-0.00169136,2.00251e-05,-0.000233252,-2.21069e-05,
0.00383791,0.00156152,0.00378268,-0.00168714,2.01393e-05,-0.000232387,-2.20939e-05,
0.00383565,0.00156232,0.00378058,-0.00168295,2.02528e-05,-0.000231527,-2.2081e-05,
0.00383339,0.00156311,0.00377848,-0.00167878,2.03657e-05,-0.000230672,-2.20681e-05,
0.00383113,0.00156388,0.00377638,-0.00167463,2.04778e-05,-0.00022982,-2.20554e-05,
0.00382888,0.00156464,0.00377428,-0.0016705,2.05889e-05,-0.000228974,-2.20428e-05,
0.00382662,0.0015654,0.00377218,-0.0016664,2.06993e-05,-0.000228134,-2.20301e-05,
0.00382436,0.00156614,0.00377008,-0.00166231,2.08089e-05,-0.000227297,-2.20174e-05,
0.00382211,0.00156687,0.00376798,-0.00165824,2.09182e-05,-0.000226465,-2.20048e-05,
0.00381986,0.00156759,0.00376588,-0.0016542,2.10261e-05,-0.000225637,-2.19922e-05,
0.0038176,0.0015683,0.00376378,-0.00165017,2.11337e-05,-0.000224814,-2.19795e-05,
0.00381535,0.001569,0.00376168,-0.00164617,2.12405e-05,-0.000223996,-2.19669e-05,
0.0038131,0.00156969,0.00375958,-0.00164218,2.13466e-05,-0.000223182,-2.19543e-05,
0.00381085,0.00157037,0.00375748,-0.00163822,2.14519e-05,-0.000222372,-2.19417e-05,
0.0038086,0.00157104,0.00375538,-0.00163428,2.15563e-05,-0.000221568,-2.19292e-05,
0.00380635,0.0015717,0.00375328,-0.00163035,2.16603e-05,-0.000220767,-2.19166e-05,
0.0038041,0.00157235,0.00375118,-0.00162645,2.17632e-05,-0.000219971,-2.1904e-05,
0.00380185,0.00157299,0.00374909,-0.00162256,2.18657e-05,-0.000219179,-2.18916e-05,
0.0037996,0.00157362,0.00374699,-0.0016187,2.19675e-05,-0.000218392,-2.1879e-05,
0.00379735,0.00157423,0.00374489,-0.00161485,2.20686e-05,-0.00021761,-2.18665e-05,
0.00379511,0.00157484,0.00374279,-0.00161102,2.21686e-05,-0.000216832,-2.1854e-05,
0.00379286,0.00157544,0.00374069,-0.00160722,2.22683e-05,-0.000216058,-2.18416e-05,
0.00379061,0.00157603,0.00373859,-0.00160343,2.23672e-05,-0.000215288,-2.18291e-05,
0.00378837,0.00157661,0.0037365,-0.00159966,2.24654e-05,-0.000214521,-2.18166e-05,
0.00378612,0.00157718,0.0037344,-0.00159591,2.25631e-05,-0.00021376,-2.18041e-05,
0.00378388,0.00157774,0.0037323,-0.00159218,2.26599e-05,-0.000213003,-2.17917e-05,
0.00378163,0.00157829,0.00373021,-0.00158847,2.27559e-05,-0.00021225,-2.17793e-05,
0.00377939,0.00157883,0.00372811,-0.00158477,2.28515e-05,-0.000211501,-2.17669e-05,
0.00377714,0.00157936,0.00372601,-0.0015811,2.29464e-05,-0.000210756,-2.17544e-05,
0.0037749,0.00157988,0.00372392,-0.00157744,2.30405e-05,-0.000210015,-2.17421e-05,
0.00377266,0.00158039,0.00372182,-0.0015738,2.3134e-05,-0.000209279,-2.17297e-05,
0.00377042,0.0015809,0.00371973,-0.00157018,2.32267e-05,-0.000208546,-2.17173e-05,
0.00376817,0.00158139,0.00371763,-0.00156658,2.3319e-05,-0.000207818,-2.1705e-05,
0.00376593,0.00158187,0.00371554,-0.001563,2.34105e-05,-0.000207093,-2.16927e-05,
0.00376369,0.00158235,0.00371344,-0.00155943,2.35014e-05,-0.000206373,-2.16803e-05,
0.00376145,0.00158281,0.00371135,-0.00155588,2.35915e-05,-0.000205657,-2.1668e-05,
0.00375921,0.00158327,0.00370925,-0.00155235,2.36809e-05,-0.000204944,-2.16557e-05,
0.00375697,0.00158372,0.00370716,-0.00154884,2.37698e-05,-0.000204236,-2.16434e-05,
0.00375473,0.00158416,0.00370506,-0.00154534,2.38581e-05,-0.000203531,-2.16311e-05,
0.0037525,0.00158459,0.00370297,-0.00154186,2.39459e-05,-0.00020283,-2.16188e-05,
0.00375026,0.00158501,0.00370088,-0.0015384,2.40329e-05,-0.000202134,-2.16065e-05,
0.00374802,0.00158542,0.00369878,-0.00153496,2.41193e-05,-0.000201441,-2.15943e-05,
0.00374578,0.00158582,0.00369669,-0.00153153,2.42049e-05,-0.000200751,-2.15821e-05,
0.00374355,0.00158622,0.0036946,-0.00152812,2.42901e-05,-0.000200066,-2.15698e-05,
0.00374131,0.0015866,0.00369251,-0.00152473,2.43746e-05,-0.000199384,-2.15576e-05,
0.00373907,0.00158698,0.00369041,-0.00152136,2.44586e-05,-0.000198706,-2.15453e-05,
0.00373684,0.00158735,0.00368832,-0.001518,2.45416e-05,-0.000198032,-2.15331e-05,
0.0037346,0.00158771,0.00368623,-0.00151466,2.46245e-05,-0.000197362,-2.15209e-05,
0.00373237,0.00158806,0.00368414,-0.00151133,2.47063e-05,-0.000196696,-2.15087e-05,
0.00373014,0.0015884,0.00368205,-0.00150802,2.4788e-05,-0.000196033,-2.14965e-05,
0.0037279,0.00158874,0.00367996,-0.00150473,2.48687e-05,-0.000195374,-2.14844e-05,
0.00372567,0.00158906,0.00367787,-0.00150145,2.4949e-05,-0.000194718,-2.14722e-05,
0.00372344,0.00158938,0.00367578,-0.00149819,2.50288e-05,-0.000194066,-2.14601e-05,
0.0037212,0.00158969,0.00367369,-0.00149495,2.51079e-05,-0.000193418,-2.14479e-05,
0.00371897,0.00158999,0.0036716,-0.00149172,2.51862e-05,-0.000192774,-2.14358e-05,
0.00371674,0.00159029,0.00366951,-0.00148851,2.52642e-05,-0.000192132,-2.14236e-05,
0.00371451,0.00159057,0.00366742,-0.00148531,2.53414e-05,-0.000191494,-2.14115e-05,
0.00371228,0.00159085,0.00366533,-0.00148213,2.54181e-05,-0.000190861,-2.13994e-05,
0.00371005,0.00159112,0.00366324,-0.00147897,2.54942e-05,-0.00019023,-2.13873e-05,
0.00370782,0.00159138,0.00366115,-0.00147582,2.55697e-05,-0.000189603,-2.13752e-05,
0.00370559,0.00159163,0.00365906,-0.00147268,2.56449e-05,-0.000188979,-2.13631e-05,
0.00370336,0.00159188,0.00365698,-0.00146957,2.57193e-05,-0.000188359,-2.1351e-05,
0.00370113,0.00159212,0.00365489,-0.00146646,2.5793e-05,-0.000187742,-2.1339e-05,
0.00369891,0.00159234,0.0036528,-0.00146338,2.58665e-05,-0.000187129,-2.1327e-05,
0.00369668,0.00159257,0.00365071,-0.00146031,2.5939e-05,-0.00018652,-2.13149e-05,
0.00369445,0.00159278,0.00364863,-0.00145725,2.60114e-05,-0.000185912,-2.13028e-05,
0.00369223,0.00159299,0.00364654,-0.00145421,2.6083e-05,-0.00018531,-2.12908e-05,
0.00369,0.00159319,0.00364445,-0.00145118,2.6154e-05,-0.000184709,-2.12787e-05,
0.00368777,0.00159338,0.00364237,-0.00144817,2.62244e-05,-0.000184113,-2.12667e-05,
0.00368555,0.00159356,0.00364028,-0.00144517,2.62945e-05,-0.00018352,-2.12547e-05,
0.00368333,0.00159374,0.0036382,-0.00144219,2.63637e-05,-0.00018293,-2.12427e-05,
0.0036811,0.0015939,0.00363611,-0.00143922,2.64326e-05,-0.000182343,-2.12307e-05,
0.00367888,0.00159407,0.00363402,-0.00143626,2.6501e-05,-0.00018176,-2.12187e-05,
0.00367665,0.00159422,0.00363194,-0.00143332,2.6569e-05,-0.00018118,-2.12067e-05,
0.00367443,0.00159437,0.00362986,-0.0014304,2.66362e-05,-0.000180602,-2.11947e-05,
0.00367221,0.00159451,0.00362777,-0.00142749,2.67027e-05,-0.000180029,-2.11827e-05,
0.00366999,0.00159464,0.00362569,-0.00142459,2.67691e-05,-0.000179458,-2.11707e-05,
0.00366776,0.00159476,0.0036236,-0.00142171,2.68347e-05,-0.000178891,-2.11588e-05,
0.00366554,0.00159488,0.00362152,-0.00141884,2.68999e-05,-0.000178327,-2.11469e-05,
0.00366332,0.00159499,0.00361944,-0.00141599,2.69643e-05,-0.000177765,-2.11349e-05,
0.0036611,0.00159509,0.00361735,-0.00141315,2.70286e-05,-0.000177208,-2.1123e-05,
0.00365888,0.00159519,0.00361527,-0.00141032,2.70922e-05,-0.000176653,-2.1111e-05,
0.00365666,0.00159528,0.00361319,-0.00140751,2.71553e-05,-0.0001761,-2.10991e-05,
0.00365445,0.00159536,0.00361111,-0.00140471,2.72177e-05,-0.000175551,-2.10872e-05,
0.00365223,0.00159543,0.00360902,-0.00140192,2.72799e-05,-0.000175006,-2.10753e-05,
0.00364616,0.00159516,0.00360686,-0.00139738,2.80136e-05,-0.00017438,-2.09409e-05,
0.00364779,0.00159556,0.00360486,-0.00139639,2.74024e-05,-0.000173923,-2.10514e-05,
0.00364573,0.00159562,0.00360263,-0.00139366,2.74298e-05,-0.000173376,-2.10865e-05,
0.00364351,0.00159566,0.00360055,-0.00139092,2.74896e-05,-0.000172843,-2.10745e-05,
0.00364128,0.0015957,0.00359848,-0.00138821,2.75516e-05,-0.000172312,-2.10474e-05,
0.00363905,0.00159574,0.00359641,-0.0013855,2.76131e-05,-0.000171785,-2.10202e-05,
0.00363683,0.00159577,0.00359434,-0.00138281,2.76736e-05,-0.00017126,-2.09979e-05,
0.0036346,0.00159579,0.00359227,-0.00138013,2.77333e-05,-0.000170738,-2.09804e-05,
0.00363238,0.0015958,0.0035902,-0.00137746,2.77921e-05,-0.000170219,-2.09661e-05,
0.00363015,0.00159581,0.00358813,-0.00137481,2.78504e-05,-0.000169705,-2.09537e-05,
0.00362793,0.00159581,0.00358606,-0.00137217,2.79079e-05,-0.000169192,-2.0942e-05,
0.00362571,0.00159581,0.00358399,-0.00136954,2.79651e-05,-0.000168681,-2.09306e-05,
0.00362349,0.00159579,0.00358191,-0.00136692,2.80217e-05,-0.000168174,-2.09191e-05,
0.00362128,0.00159578,0.00357984,-0.00136432,2.80777e-05,-0.000167669,-2.09076e-05,
0.00361684,0.00159572,0.00357569,-0.00135915,2.81883e-05,-0.000166668,-2.08841e-05,
0.00361684,0.00159572,0.00357569,-0.00135915,2.81883e-05,-0.000166668,-2.08841e-05,
0.00361463,0.00159568,0.00357362,-0.0013566,2.82418e-05,-0.000166175,-2.08725e-05,
0.00361242,0.00159564,0.00357154,-0.00135404,2.82962e-05,-0.000165683,-2.08609e-05,
0.00361021,0.00159559,0.00356947,-0.0013515,2.83496e-05,-0.000165192,-2.08491e-05,
0.00360799,0.00159553,0.0035674,-0.00134897,2.84026e-05,-0.000164703,-2.08373e-05,
0.00360578,0.00159547,0.00356532,-0.00134646,2.84551e-05,-0.000164218,-2.08254e-05,
0.00360357,0.0015954,0.00356325,-0.00134395,2.85073e-05,-0.000163735,-2.08136e-05,
0.00360136,0.00159533,0.00356118,-0.00134146,2.85589e-05,-0.000163255,-2.08018e-05,
0.00359915,0.00159525,0.0035591,-0.00133898,2.86101e-05,-0.000162777,-2.079e-05,
0.00359694,0.00159516,0.00355703,-0.00133651,2.86605e-05,-0.000162302,-2.07783e-05,
0.00359473,0.00159507,0.00355496,-0.00133405,2.87108e-05,-0.00016183,-2.07666e-05,
0.00359252,0.00159497,0.00355288,-0.00133161,2.87604e-05,-0.00016136,-2.07548e-05,
0.00359031,0.00159487,0.00355081,-0.00132917,2.88095e-05,-0.000160893,-2.07431e-05,
0.0035881,0.00159476,0.00354874,-0.00132675,2.88585e-05,-0.000160429,-2.07314e-05,
0.0035859,0.00159464,0.00354666,-0.00132434,2.89067e-05,-0.000159967,-2.07196e-05,
0.00358369,0.00159452,0.00354459,-0.00132194,2.89544e-05,-0.000159509,-2.07079e-05,
0.00358149,0.00159439,0.00354252,-0.00131955,2.90018e-05,-0.000159052,-2.06962e-05,
0.00357928,0.00159426,0.00354045,-0.00131717,2.90486e-05,-0.000158598,-2.06844e-05,
0.00357708,0.00159412,0.00353837,-0.00131481,2.9095e-05,-0.000158146,-2.06727e-05,
0.00357487,0.00159397,0.0035363,-0.00131246,2.9141e-05,-0.000157697,-2.0661e-05,
0.00357267,0.00159382,0.00353423,-0.00131011,2.91865e-05,-0.00015725,-2.06493e-05,
0.00357047,0.00159367,0.00353216,-0.00130778,2.92319e-05,-0.000156806,-2.06376e-05,
0.00356826,0.0015935,0.00353009,-0.00130546,2.92765e-05,-0.000156364,-2.06258e-05,
0.00356606,0.00159334,0.00352801,-0.00130315,2.93207e-05,-0.000155924,-2.06141e-05,
0.00356386,0.00159316,0.00352594,-0.00130085,2.93644e-05,-0.000155487,-2.06024e-05,
0.00356166,0.00159299,0.00352387,-0.00129856,2.94079e-05,-0.000155053,-2.05907e-05,
0.00355946,0.0015928,0.0035218,-0.00129628,2.94507e-05,-0.000154621,-2.0579e-05,
0.00355726,0.00159261,0.00351973,-0.00129402,2.94934e-05,-0.000154191,-2.05673e-05,
0.00355506,0.00159242,0.00351766,-0.00129176,2.95353e-05,-0.000153765,-2.05556e-05,
0.00355286,0.00159222,0.00351559,-0.00128952,2.9577e-05,-0.00015334,-2.05439e-05,
0.00355066,0.00159201,0.00351352,-0.00128728,2.96183e-05,-0.000152917,-2.05322e-05,
0.00354847,0.0015918,0.00351145,-0.00128506,2.96592e-05,-0.000152497,-2.05205e-05,
0.00354627,0.00159159,0.00350938,-0.00128284,2.96996e-05,-0.000152079,-2.05088e-05,
0.00354407,0.00159136,0.00350731,-0.00128064,2.97395e-05,-0.000151663,-2.04971e-05,
0.00354188,0.00159114,0.00350524,-0.00127845,2.97793e-05,-0.00015125,-2.04854e-05,
0.00353968,0.00159091,0.00350317,-0.00127626,2.98183e-05,-0.000150839,-2.04738e-05,
